Modality;ST;TT;Genre;Line;Span;Span_2;Whose_error;Severity;Category_main;Category_sub;Severity_2;Severity_match;Category_main_2;Category_main_match;Category_sub_2;Category_sub_match;Kudos;Cultural reference;Details;Understandable
HT;English;Dutch;ShortStory;5;Zo ingespannen;Zo ingespannen;Match;Minor;Style;Awkward style;Minor;Yes;Accuracy;No;Mistranslation;No;;;;
HT;English;Dutch;ShortStory;12;Het is heel kaal;Het is heel kaal;Match;Minor;Accuracy;Undertranslation;Major;No;Accuracy;Yes;Mistranslation;No;;;;
HT;English;Dutch;ShortStory;7;moest;;AE;Major;Accuracy;Mistranslation;;;;;;;Yes;;Kudos: stilzwijgend moest Willy dat beamen;
HT;English;Dutch;ShortStory;9;allerhande;;AE;Minor;Accuracy;Mistranslation;;;;;;;;;;word
HT;English;Dutch;ShortStory;10;;;AE;Minor;Accuracy;Omission;;;;;;;;Yes;In Dutch we don't say public library, just library;cultural
HT;English;Dutch;ShortStory;10;;;AE;Minor;Linguistic Convention;Punctuation;;;;;;;;;;Punctuation
HT;English;Dutch;ShortStory;10;;;AE;Minor;Style;Unidiomatic style;;;;;;;;;;No
HT;English;Dutch;ShortStory;13;;;AE;Minor;Linguistic Convention;Punctuation;;;;;;;;;;Punctuation
HT;English;Dutch;ShortStory;16;zelden;;AE;Minor;Accuracy;Mistranslation;;;;;;;;;;word
HT;English;Dutch;ShortStory;17;;;AE;Minor;Linguistic Convention;Punctuation;;;;;;;;;;Punctuation
HT;English;Dutch;ShortStory;19;student;;AE;Minor;Style;Awkward style;;;;;;;;;;syntax
HT;English;Dutch;ShortStory;19;wijsneuzigheden;;AE;Major;Accuracy;Mistranslation;;;;;;;Yes;;;word
HT;English;Dutch;ShortStory;20;Alsof;;AE;Minor;Linguistic Convention;Grammar;;;;;;;;;;No
HT;English;Dutch;ShortStory;20;blonde;;AE;Minor;Accuracy;Addition;;;;;;;;;;word
HT;English;Dutch;ShortStory;13;zinnen;;Human;Major;Accuracy;Mistranslation;;;;;;;;;;
HT;English;Dutch;ShortStory;14;betoverend;;Human;Minor;Style;Unidiomatic style;;;;;;;;;;
PE;English;Dutch;ShortStory;2;iets wilde zeggen;;AE;Minor;Accuracy;Mistranslation;;;;;;;;;;syntax
PE;English;Dutch;ShortStory;7;;;AE;Minor;Linguistic Convention;Punctuation;;;;;;;;;;Punctuation
PE;English;Dutch;ShortStory;9;;;AE;Minor;Linguistic Convention;Punctuation;;;;;;;;;;Punctuation
PE;English;Dutch;ShortStory;10;;;AE;Minor;Accuracy;Omission;;;;;;;;Yes;In Dutch we don't say public library, just library;cultural
PE;English;Dutch;ShortStory;12;droge;;AE;Major;Accuracy;Mistranslation;;;;;;;;;;word
PE;English;Dutch;ShortStory;13;vonnissen;;AE;Major;Accuracy;Mistranslation;;;;;;;Yes;;;word
PE;English;Dutch;ShortStory;17;;;AE;Minor;Linguistic Convention;Punctuation;;;;;;;;;;Punctuation
PE;English;Dutch;ShortStory;19;ongekunstelde wereldwijsheid;;AE;Minor;Accuracy;Mistranslation;;;;;;;;;;word
PE;English;Dutch;ShortStory;1;Hm;;Human;Minor;Linguistic Convention;Spelling;;;;;;;;;;
PE;English;Dutch;ShortStory;4;zei hij;;Human;Minor;Style;Unidiomatic style;;;;;;;;;;
PE;English;Dutch;ShortStory;7;Haar inwendig gelijk gevend;;Human;Minor;Linguistic Convention;Grammar;;;;;;;;;;
PE;English;Dutch;ShortStory;10;Ik heb het;;Human;Minor;Accuracy;Overtranslation;;;;;;;;;;
PE;English;Dutch;ShortStory;18;vlasblonde;;Human;Minor;Style;Awkward style;;;;;;;;;;
MT;English;Dutch;ShortStory;12;op een vrij kale manier;kale;Match;Major;Linguistic Convention;;Minor;No;Accuracy;No;Mistranslation;;;;;
MT;English;Dutch;ShortStory;18;nu weer gebogen over haar boek;nu weer gebogen over haar boek;Match;Major;Accuracy;;Minor;No;Style;No;Awkward style;;;;;
MT;English;Dutch;ShortStory;1;Een;;AE;Minor;Accuracy;Addition;;;;;;;;;;
MT;English;Dutch;ShortStory;1;Zomermiddag;;AE;Minor;Linguistic Convention;Spelling;;;;;;;Yes;;;
MT;English;Dutch;ShortStory;5;opmerking;;AE;Minor;Accuracy;Mistranslation;;;;;;;;;;word
MT;English;Dutch;ShortStory;7;;;AE;Major;Accuracy;Omission;;;;;;;;;unnecessary omission;erroneous omission
MT;English;Dutch;ShortStory;10;;;AE;Major;Accuracy;Omission;;;;;;;;;to translate 'i got it' conversationally in Dutch we can just use the participle;syntax
MT;English;Dutch;ShortStory;10;;;AE;Minor;Linguistic Convention;Grammar;;;;;;;;;;
MT;English;Dutch;ShortStory;12;;;AE;Minor;Linguistic Convention;Punctuation;;;;;;;;;;Punctuation
MT;English;Dutch;ShortStory;15;;;AE;Minor;Linguistic Convention;Punctuation;;;;;;;;;;Punctuation
MT;English;Dutch;ShortStory;19;nog student;;AE;Minor;Linguistic Convention;Grammar;;;;;;;;;;
MT;English;Dutch;ShortStory;20;ordelijk geschikt;;AE;Minor;Style;Awkward style;;;;;;;;;;
MT;English;Dutch;ShortStory;2;op het punt stond iets te zeggen;;Human;Minor;Linguistic Convention;Unintelligble;;;;;;;;;;
MT;English;Dutch;ShortStory;3;Moord;;Human;Major;Accuracy;;;;;;;;;;;
MT;English;Dutch;ShortStory;4;zei hij;;Human;Minor;Style;Awkward style;;;;;;;;;;
MT;English;Dutch;ShortStory;4;terwijl hij zich vastklampte;;Human;Major;Style;Unidiomatic style;;;;;;;;;;
MT;English;Dutch;ShortStory;4;de draad van zijn berekeningen;;Human;Major;Style;Unidiomatic style;;;;;;;;;;
MT;English;Dutch;ShortStory;5;werden zo meeslepend;;Human;Major;Accuracy;;;;;;;;;;;
MT;English;Dutch;ShortStory;6;al wat minder;;Human;Major;Style;;;;;;;;;;;
MT;English;Dutch;ShortStory;8;Wat lees je nou weer;;Human;Major;Linguistic Convention;;;;;;;;;;;
MT;English;Dutch;ShortStory;10;openbare bibliotheek;;Human;Minor;Style;;;;;;;;;;;
MT;English;Dutch;ShortStory;13;Alleen feiten en zinnen;;Human;Major;Linguistic Convention;;;;;;;;;;;
MT;English;Dutch;ShortStory;13;zinnen;;Human;Major;Accuracy;;;;;;;;;;;
MT;English;Dutch;ShortStory;14;meeslepend;;Human;Major;Style;Inconsistent style;;;;;;;;;;
MT;English;Dutch;ShortStory;15;maar moord;;Human;Major;Accuracy;;;;;;;;;;;
MT;English;Dutch;ShortStory;18;vlasblonde;;Human;Minor;Style;Awkward style;;;;;;;;;;
MT;English;Dutch;ShortStory;20;Het was alsof de denkprocessen onder dat kapje van zijdezacht haar net zo glad, zo ordelijk geschikt, zo kinderlijk gekamd en schoon waren;;Human;Major;Linguistic Convention;Unintelligble;;;;;;;;;;
HT;English;Dutch;Thriller;6;of;en of;Match;Minor;Accuracy;Overtranslation;Minor;Yes;Linguistic Convention;No;Grammar;;;;;
HT;English;Dutch;Thriller;2;met ademen;;AE;Minor;Style;Awkward style;;;;;;;;;;
HT;English;Dutch;Thriller;2;met denken;;AE;Minor;Style;Awkward style;;;;;;;;;;
HT;English;Dutch;Thriller;3;hun vermogen;;AE;Minor;Accuracy;Mistranslation;;;;;;;;;;
HT;English;Dutch;Thriller;5;eerste ;;AE;Major;Accuracy;Mistranslation;;;;;;;;Yes;US second floor = EU/UK first floor so correct translation;
HT;English;Dutch;Thriller;6;in de hakken;;AE;Major;Accuracy;Mistranslation;;;;;;;;;;
HT;English;Dutch;Thriller;6;een muntje;;AE;Minor;Accuracy;Undertranslation;;;;;;;;;;
HT;English;Dutch;Thriller;7;saloondeurtjes;;AE;Major;Accuracy;Mistranslation;;;;;;;;;;
HT;English;Dutch;Thriller;3;op pauze te gaan;;Human;Minor;Accuracy;Undertranslation;;;;;;;;;;
HT;English;Dutch;Thriller;4;wirwar;;Human;Minor;Accuracy;Mistranslation;;;;;;;;;;
HT;English;Dutch;Thriller;7;montagefoto;;Human;Minor;Accuracy;Mistranslation;;;;;;;;;;
HT;English;Dutch;Thriller;7;de garderobe voor de jassen;;Human;Minor;Accuracy;Overtranslation;;;;;;;;;;
HT;English;Dutch;Thriller;8;ongeveer vier meter en één centimeter;;Human;Minor;Accuracy;Overtranslation;;;;;;;;;;
PE;English;Dutch;Thriller;3;zich kon concentreren;zich kon concentreren;Match;Minor;Style;Awkward style;Minor;Yes;Accuracy;No;Mistranslation;;;;;
PE;English;Dutch;Thriller;7;keukenluiken;keukenluiken;Match;Minor;Style;Unidiomatic style;Minor;Yes;Accuracy;No;Mistranslation;;;;;
PE;English;Dutch;Thriller;8;de hoofdtrap;hoofdtrap;Match;Minor;Style;Unidiomatic style;Minor;Yes;Accuracy;No;Mistranslation;;;;;
PE;English;Dutch;Thriller;9;nakeek;nakeek;Match;Minor;Accuracy;;Minor;Yes;Accuracy;Yes;Undertranslation;;;;;
PE;English;Dutch;Thriller;6;aan die voeten;;AE;Minor;Accuracy;Undertranslation;;;;;;;;;;
PE;English;Dutch;Thriller;6;het ijzer in mijn bloed;;AE;Major;Accuracy;Mistranslation;;;;;;;;;;
PE;English;Dutch;Thriller;7;groepsfoto's ;;AE;Minor;Accuracy;Mistranslation;;;;;;;;;;
PE;English;Dutch;Thriller;8;;;AE;Minor;Linguistic Convention;Punctuation;;;;;;;;;;
PE;English;Dutch;Thriller;9;vijf;;AE;Major;Accuracy;Mistranslation;;;;;;;;Yes;fifteen feet changed to metrical units;
PE;English;Dutch;Thriller;3;zodat de vrijgekomen energie zich kon concentreren in mijn trommelvliezen;;Human;Major;Style;Awkward style;;;;;;;;;;
PE;English;Dutch;Thriller;3;vrijgekomen;;Human;Minor;Style;Awkward style;;;;;;;;;;
PE;English;Dutch;Thriller;4;geroffel van voetstappen;;Human;Minor;Style;Awkward style;;;;;;;;;;
PE;English;Dutch;Thriller;6;vastzat, en;;Human;Minor;Style;Awkward style;;;;;;;;;;
PE;English;Dutch;Thriller;7;dus;;Human;Major;Accuracy;;;;;;;;;;;
PE;English;Dutch;Thriller;8;ongeveer;;Human;Minor;Accuracy;;;;;;;;;;;
PE;English;Dutch;Thriller;9;groot;;Human;Minor;Style;Unidiomatic style;;;;;;;;;;
MT;English;Dutch;Thriller;4;Niet zomaar voetstappen—een razende stroom.;Niet zomaar voetstappen—een razende stroom.;Match;Major;Accuracy;Overtranslation;Major;Yes;Accuracy;Yes;Overtranslation;No;;;;
MT;English;Dutch;Thriller;3;Alles viel stil;;AE;Minor;Accuracy;Mistranslation;;;;;;;Yes;;;
MT;English;Dutch;Thriller;3;met mijn trommelvliezen alleen;;AE;Minor;Style;Unidiomatic style;;;;;;;;;;
MT;English;Dutch;Thriller;3;;;AE;Major;Accuracy;Omission;;;;;;;;;;
MT;English;Dutch;Thriller;6;;;AE;Minor;Accuracy;Omission;;;;;;;;;;
MT;English;Dutch;Thriller;6;het ijzer in mijn bloed;;AE;Major;Accuracy;Mistranslation;;;;;;;;;;
MT;English;Dutch;Thriller;7;kapstok;;AE;Major;Accuracy;Mistranslation;;;;;;;;;;
MT;English;Dutch;Thriller;7;keukenluiken;;AE;Major;Accuracy;Mistranslation;;;;;;;;;;
MT;English;Dutch;Thriller;9;vijf;;AE;Major;Accuracy;Mistranslation;;;;;;;;Yes;fifteen feet changed to metrical units;
MT;English;Dutch;Thriller;5;Iemand op de tweede verdieping;;Human;Minor;Accuracy;;;;;;;;;;;
MT;English;Dutch;Thriller;6;vastzat, en;;Human;Minor;Accuracy;;;;;;;;;;;
MT;English;Dutch;Thriller;7;onder de scheur in het plafond die slordig was dichtgeplamuurd;;Human;Minor;Style;Inconsistent style;;;;;;;;;;
MT;English;Dutch;Thriller;8;de hoofdtrap;;Human;Minor;Style;Unidiomatic style;;;;;;;;;;
MT;English;Dutch;Thriller;8;Ongebeer vier meter van me vandaan;;Human;Major;Linguistic Convention;Unintelligble;;;;;;;;;;
MT;English;Dutch;Thriller;8;vier meter;;Human;Major;Linguistic Convention;Unintelligble;;;;;;;;;;
MT;English;Dutch;Thriller;9;nakeek;;Human;Major;Accuracy;;;;;;;;;;;
MT;English;Dutch;Thriller;9;groot;;Human;Minor;Style;Unidiomatic style;;;;;;;;;;
HT;English;Dutch;Poem;1;Bad;;AE;Major;Accuracy;Mistranslation;;;;;;;;;;No
HT;English;Dutch;Poem;2;licht;;AE;Minor;Accuracy;Mistranslation;;;;;;;;;;No?
HT;English;Dutch;Poem;3;;;AE;Minor;Accuracy;Omission;;;;;;;;;;
HT;English;Dutch;Poem;3;balken;;AE;Minor;Accuracy;Mistranslation;;;;;;;;;;
HT;English;Dutch;Poem;4;facetten;;AE;Minor;Accuracy;Mistranslation;;;;;;;Yes;;;
HT;English;Dutch;Poem;5;,;;AE;Minor;Linguistic Convention;Punctuation;;;;;;;;;;
HT;English;Dutch;Poem;6;ik;;AE;Minor;Linguistic Convention;Spelling;;;;;;;;;;Punctuation
HT;English;Dutch;Poem;8;door de zon gefacetteerde;;AE;Minor;Accuracy;Mistranslation;;;;;;;;;;
HT;English;Dutch;Poem;3;van een groenachtig wit;;Human;Minor;Linguistic Convention;;;;;;;;;;;
HT;English;Dutch;Poem;7;verstoord;;Human;Minor;Accuracy;;;;;;;;;;;
HT;English;Dutch;Poem;9;bijna te helder om te verdragen;;Human;Minor;Style;Awkward style;;;;;;;;;;
PE;English;Dutch;Poem;4;breuken;breuken;Match;Minor;Accuracy;Mistranslation;Minor;Yes;Accuracy;Yes;Mistranslation;Yes;;;;
PE;English;Dutch;Poem;7;waterbassin;waterbassin;Match;Minor;Style;Register;Minor;Yes;Accuracy;No;Addition;;;;;
PE;English;Dutch;Poem;10;liggen spelen;liggen spelen;Match;Minor;Accuracy;Undertranslation;Minor;Yes;Linguistic Convention;No;Grammar;;;;;
PE;English;Dutch;Poem;3;klatert;;AE;Minor;Accuracy;Mistranslation;;;;;;;Yes;;;
PE;English;Dutch;Poem;3;lagen;;AE;Minor;Accuracy;Mistranslation;;;;;;;;;;
PE;English;Dutch;Poem;5;;;AE;Minor;Accuracy;Omission;;;;;;;;;;
PE;English;Dutch;Poem;5;vlekjes zon;;AE;Minor;Style;Awkward style;;;;;;;;;;
PE;English;Dutch;Poem;5;:;;AE;Minor;Linguistic Convention;Punctuation;;;;;;;;;;
PE;English;Dutch;Poem;6;rollen;;AE;Minor;Accuracy;Mistranslation;;;;;;;Yes;;;
PE;English;Dutch;Poem;8;;;AE;Minor;Linguistic Convention;Punctuation;;;;;;;;;;
PE;English;Dutch;Poem;9;beschut;;AE;Minor;Accuracy;Mistranslation;;;;;;;Yes;;;
PE;English;Dutch;Poem;11;De lucht;;AE;Minor;Style;Inappropriate for context;;;;;;;;;;No?
PE;English;Dutch;Poem;3;van ;;Human;Minor;Linguistic Convention;Grammar;;;;;;;;;;
PE;English;Dutch;Poem;4;het water in breuken als een edelsteen en splijt het water tot stralend licht.;;Human;Minor;Style;Unidiomatic style;;;;;;;;;;
PE;English;Dutch;Poem;4;tot stralend licht;;Human;Minor;Linguistic Convention;Grammar;;;;;;;;;;
PE;English;Dutch;Poem;6;één beweging;;Human;Minor;Accuracy;Undertranslation;;;;;;;;;;
PE;English;Dutch;Poem;9;is bijna onverdragelijk stralend;;Human;Minor;Style;Unidiomatic style;;;;;;;;;;
MT;English;Dutch;Poem;2;tulpen en narcis;narcis;Match;Minor;Style;Awkward style;Minor;Yes;Accuracy;No;Mistranslation;;;;;
MT;English;Dutch;Poem;4;barsten;barsten;Match;Minor;Accuracy;Mistranslation;Minor;Yes;Accuracy;Yes;Mistranslation;Yes;;;;
MT;English;Dutch;Poem;5;zonnevlekken;zonnevlekken;Match;Major;Accuracy;Mistranslation;Minor;No;Accuracy;Yes;Mistranslation;Yes;;;;
MT;English;Dutch;Poem;6;tollen, tollen;tollen;Match;Minor;Accuracy;Undertranslation;Minor;Yes;Accuracy;Yes;Undertranslation;Yes;;;;
MT;English;Dutch;Poem;9;bedekt me tegen;bedekt me tegen;Match;Major;Style;Unidiomatic style;Minor;No;Style;Yes;Awkward style;No;;;;
MT;English;Dutch;Poem;12;En weer:;En weer:;Match;Major;Accuracy;Addition;Major;Yes;Accuracy;Yes;Addition;Yes;;;;
MT;English;Dutch;Poem;1;Een bad;;AE;Major;Accuracy;Mistranslation;;;;;;;;;;No
MT;English;Dutch;Poem;5;.;;AE;Minor;Linguistic Convention;Punctuation;;;;;;;;;;
MT;English;Dutch;Poem;7;;;AE;Minor;Accuracy;Omission;;;;;;;;;;
MT;English;Dutch;Poem;8;zongebroken;;AE;Minor;Accuracy;Mistranslation;;;;;;;;;;
MT;English;Dutch;Poem;10;dansende;;AE;Minor;Accuracy;Addition;;;;;;;;;;
MT;English;Dutch;Poem;12;narcis;;AE;Minor;Accuracy;Undertranslation;;;;;;;;;;
MT;English;Dutch;Poem;2;en de lucht geurt naar tulpen en narcis;;Human;Major;Style;Inconsistent style;;;;;;;;;;
MT;English;Dutch;Poem;2;fris, en de lucht geurt naar tulpen en narcis;;Human;Major;Accuracy;Mistranslation;;;;;;;;;;
MT;English;Dutch;Poem;3;—;;Human;Minor;Style;Awkward style;;;;;;;;;;
MT;English;Dutch;Poem;4;snijdt;;Human;Minor;Accuracy;Undertranslation;;;;;;;;;;
MT;English;Dutch;Poem;4;oplichten in flarden licht;;Human;Minor;Style;Register;;;;;;;;;;
MT;English;Dutch;Poem;5;Zalig;;Human;Minor;Style;Register;;;;;;;;;;
MT;English;Dutch;Poem;8;groen-witte;;Human;Major;Linguistic Convention;Spelling;;;;;;;;;;
MT;English;Dutch;Poem;8;berylgroen;;Human;Minor;Linguistic Convention;Grammar;;;;;;;;;;
MT;English;Dutch;Poem;10;zonnevlekken;;Human;Major;Accuracy;Mistranslation;;;;;;;;;;
MT;English;Dutch;Poem;12;flapt;;Human;Major;Style;Register;;;;;;;;;;
HT;Russian;Dutch;ShortStory;1;afliep;;AE;Minor;Linguistic Convention;Unidiomatic style;;;;;;;;;;
HT;Russian;Dutch;ShortStory;2;overviel hem een vreselijke zwakte;;Human;Minor;Style;Unidiomatic style;;;;;;;;;;
HT;Russian;Dutch;ShortStory;3;was nog erger;;Human;Minor;Accuracy;Omission;;;;;;;;;;
HT;Russian;Dutch;ShortStory;4;paracetemol;;AE;Major;Accuracy;Mistranslation;;;;;;;;Yes;Paracetemol is standard Dutch pain relief;
HT;Russian;Dutch;ShortStory;4;druppels in zijn neus gedaan;druppels in zijn neus gedaan;Match;Minor;Style;Awkward style;Minor;Yes;Accuracy;No;Undertranslation;;;;;
HT;Russian;Dutch;ShortStory;4;verkouden;;AE;Major;Accuracy;Mistranslation;;;;;;;;;More generalised (runny nose --> a cold);Yes but weird
HT;Russian;Dutch;ShortStory;4;jodium op zijn borst en rug te smeren;smeren;Match;Minor;Accuracy;Undertranslation;Minor;Yes;Accuracy;Yes;Mistranslation;No;;;;
HT;Russian;Dutch;ShortStory;6;zijn;;AE;Minor;Accuracy;Addition;;;;;;;;;;
HT;Russian;Dutch;ShortStory;9;het ergste;;AE;Major;Accuracy;Mistranslation;;;;;;;;;;
HT;Russian;Dutch;ShortStory;9;was ;;AE;Minor;Accuracy;Mistranslation;;;;;;;;;Russian can do without verb, but necessarily added in Dutch;
HT;Russian;Dutch;ShortStory;10;Die;;AE;Minor;Accuracy;Mistranslation;;;;;;;;;;
HT;Russian;Dutch;ShortStory;12;zijn;;AE;Minor;Accuracy;Undertranslation;;;;;;;;;;
PE;Russian;Dutch;ShortStory;1;;;AE;Minor;Accuracy;Undertranslation;;;;;;;;;;
PE;Russian;Dutch;ShortStory;2;Hij werd geplaagd;;Human;Minor;Style;Unidiomatic style;;;;;;;;;;
PE;Russian;Dutch;ShortStory;2;slapte;;AE;Minor;Accuracy;Mistranslation;;;;;;;;;;
PE;Russian;Dutch;ShortStory;3;subfebriel;;Human;Minor;Style;Register;;;;;;;;;;
PE;Russian;Dutch;ShortStory;3; –subfebriel; –subfebriel;Match;Minor;Linguistic Convention;Punctuation;Minor;Yes;Linguistic Convention;Yes;Punctuation;Yes;;;;
PE;Russian;Dutch;ShortStory;4;Voor het naar bed gaan;;AE;Minor;Style;Awkward style;;;;;;;;;;
PE;Russian;Dutch;ShortStory;4;;;AE;Minor;Accuracy;Omission;;;;;;;;;;
PE;Russian;Dutch;ShortStory;4;niet ;hoewel hij niet verkouden was;Match;Minor;Accuracy;Omission;Minor;Yes;Accuracy;Yes;Omission;No;;;;
PE;Russian;Dutch;ShortStory;4;Naftizine;;Human;Minor;Style;Audience appropriateness;;;;;;;;;;
PE;Russian;Dutch;ShortStory;4;zijn gedruppeld;;Human;Minor;Style;Unidiomatic style;;;;;;;;;;
PE;Russian;Dutch;ShortStory;6;buitengewoon;;AE;Minor;Accuracy;Overtranslation;;;;;;;;;;
PE;Russian;Dutch;ShortStory;7;of;;AE;Minor;Linguistic Convention;Grammar;;;;;;;;;;
PE;Russian;Dutch;ShortStory;7;;;Match;Minor;Accuracy;Omission;Minor;Yes;Accuracy;Yes;Omission;Yes;;;;
PE;Russian;Dutch;ShortStory;7;oké ;oké;Match;Minor;Style;;Minor;Yes;Accuracy;No;Mistranslation;;;;;
PE;Russian;Dutch;ShortStory;7;zat;zat;Match;Major;Linguistic Convention;Grammar;Minor;No;Linguistic Convention;Yes;Grammar;Yes;;;;
PE;Russian;Dutch;ShortStory;7;zoete;;Human;Minor;Accuracy;Overtranslation;;;;;;;;;;
PE;Russian;Dutch;ShortStory;9;het ergste;;AE;Major;Accuracy;Mistranslation;;;;;;;;;;
PE;Russian;Dutch;ShortStory;11;van binnen;;Human;Minor;Linguistic Convention;Spelling;;;;;;;;;;
PE;Russian;Dutch;ShortStory;13;de verstoring;;Human;Minor;Accuracy;Undertranslation;;;;;;;;;;
PE;Russian;Dutch;ShortStory;13;het;;Human;Minor;Linguistic Convention;Grammar;;;;;;;;;;
PE;Russian;Dutch;ShortStory;13;medicamentaire;medicamentaire;Match;Minor;Style;Unidiomatic style;Minor;Yes;Terminology;No;Inappropriate for context;No;;;;
MT;Russian;Dutch;ShortStory;1;Yasha;;Human;Minor;Linguistic Convention;Spelling;;;;;;;;;;
MT;Russian;Dutch;ShortStory;1;—...—;;Human;Minor;Linguistic Convention;Punctuation;;;;;;;;;;
MT;Russian;Dutch;ShortStory;1;van binnen;van binnen vulde;Match;Minor;Accuracy;Mistranslation;Minor;Yes;Style;No;Unidiomatic;;;;;
MT;Russian;Dutch;ShortStory;3;—...—;;Human;Minor;Linguistic Convention;Punctuation;;;;;;;;;;
MT;Russian;Dutch;ShortStory;4;De avond ervoor;De avond ervoor;Match;Minor;Accuracy;Undertranslation;Major;No;Accuracy;Yes;Mistranslation;No;;;;
MT;Russian;Dutch;ShortStory;4;;;AE;Minor;Accuracy;Omission;;;;;;;;;;
MT;Russian;Dutch;ShortStory;4;met nafazoline;;Human;Minor;Accuracy;Overtranslation;;;;;;;;;;
MT;Russian;Dutch;ShortStory;4;nafazoline;;Human;Minor;Style;Audience appropriateness;;;;;;;;;;
MT;Russian;Dutch;ShortStory;4;loopneus;;Human;Minor;Accuracy;Overtranslation;;;;;;;;;;
MT;Russian;Dutch;ShortStory;6;—;;Human;Minor;Linguistic Convention;Punctuation;;;;;;;;;;
MT;Russian;Dutch;ShortStory;7;zoete;;Human;Minor;Accuracy;Overtranslation;;;;;;;;;;
MT;Russian;Dutch;ShortStory;8;koud;koud;Match;Major;Linguistic Convention;Grammar;Minor;No;Linguistic Convention;Yes;Grammar;Yes;;;;
MT;Russian;Dutch;ShortStory;9;het ergste;;AE;Major;Accuracy;Mistranslation;;;;;;;;;;
MT;Russian;Dutch;ShortStory;9;…;;Human;Minor;Linguistic Convention;Punctuation;;;;;;;;;;
MT;Russian;Dutch;ShortStory;10;Die;;AE;Minor;Accuracy;Mistranslation;;;;;;;;;;
MT;Russian;Dutch;ShortStory;12;over het algemeen goed functionerende;;AE;Minor;Accuracy;Mistranslation;;;;;;;;;;
MT;Russian;Dutch;ShortStory;12;zijn;;AE;Minor;Accuracy;Mistranslation;;;;;;;;;;
MT;Russian;Dutch;ShortStory;13;het vinden;het vinden;Match;Minor;Accuracy;Undertranslation;Minor;Yes;Linguistic Convention;No;Grammar;;;;;
MT;Russian;Dutch;ShortStory;13;;;AE;Major;Accuracy;Omission;;;;;;;;;;
MT;Russian;Dutch;ShortStory;13;medicijnen;;Human;Minor;Accuracy;Undertranslation;;;;;;;;;;
HT;Russian;Dutch;Thriller;1;steeds sneller en sneller;;Human;Minor;Style;Awkward style;;;;;;;;;;
HT;Russian;Dutch;Thriller;3;getokkel;;AE;Minor;Accuracy;Mistranslation;;;;;;;;;;
HT;Russian;Dutch;Thriller;7;lonkte;;Human;Minor;Accuracy;;;;;;;;;;;
HT;Russian;Dutch;Thriller;9;in te verweven;;AE;Minor;Linguistic Convention;Grammar;;;;;;;;;;
HT;Russian;Dutch;Thriller;9;te zacht;;Human;Minor;Style;Awkward style;;;;;;;;;;
HT;Russian;Dutch;Thriller;10;gretig;;Human;Minor;Style;Awkward style;;;;;;;;;;
HT;Russian;Dutch;Thriller;14;;;AE;Minor;Accuracy;Omission;;;;;;;;;;
HT;Russian;Dutch;Thriller;14;de bus;;AE;Major;Style;;;;;;;;;Yes;bus is the more natural sounding Dutch version;
HT;Russian;Dutch;Thriller;15;bus;;AE;Minor;Style;Inconsistent style;;;;;;;;;;
HT;Russian;Dutch;Thriller;16;het voertuig;;Human;Minor;Style;Awkward style;;;;;;;;;;
HT;Russian;Dutch;Thriller;17;in de verte;;AE;Minor;Accuracy;Mistranslation;;;;;;;;;;
HT;Russian;Dutch;Thriller;17;-;;AE;Minor;Linguistic Convention;Punctuation;;;;;;;;;;
HT;Russian;Dutch;Thriller;17;flatgebouw;;AE;Minor;Accuracy;Mistranslation;;;;;;;;;;
HT;Russian;Dutch;Thriller;17;torenhoge;;Human;Minor;Style;Awkward style;;;;;;;;;;
HT;Russian;Dutch;Thriller;19;felverlichte;;Human;Minor;Style;Awkward style;;;;;;;;;;
HT;Russian;Dutch;Thriller;20;lopen naar;;Human;Minor;Style;Awkward style;;;;;;;;;;
HT;Russian;Dutch;Thriller;20;ingang;;Human;Minor;Accuracy;;;;;;;;;;;
HT;Russian;Dutch;Thriller;22;naar de muziek;;AE;Major;Accuracy;Mistranslation;;;;;;;;;;
PE;Russian;Dutch;Thriller;4;riep;;Human;Minor;Accuracy;Undertranslation;;;;;;;;;;
PE;Russian;Dutch;Thriller;4;riep. De;;Human;Minor;Style;Inconsistent style;;;;;;;;;;
PE;Russian;Dutch;Thriller;5;of;;AE;Minor;Linguistic Convention;Grammar;;;;;;;;;;
PE;Russian;Dutch;Thriller;5;,;;AE;Minor;Linguistic Convention;Punctuation;;;;;;;;;;
PE;Russian;Dutch;Thriller;7;riep;;Human;Minor;Accuracy;Undertranslation;;;;;;;;;;
PE;Russian;Dutch;Thriller;9;;;AE;Major;Accuracy;Omission;;;;;;;;;;
PE;Russian;Dutch;Thriller;9;onsamenhangend;;AE;Minor;Accuracy;Mistranslation;;;;;;;;;;
PE;Russian;Dutch;Thriller;10;kwam de tunnel uit geschoten;kwam de tunnel uit geschoten;Match;Major;Style;Unidiomatic style;Minor;No;Linguistic Convention;No;Grammar;;;;;
PE;Russian;Dutch;Thriller;10;hapte;hapte;Match;Minor;Accuracy;Overtranslation;Minor;Yes;Accuracy;No;Mistranslation;;;;;
PE;Russian;Dutch;Thriller;10;hapte de koude lucht;;Human;Major;Linguistic Convention;Grammar;;;;;;;;;;
PE;Russian;Dutch;Thriller;12;stop;;Human;Major;Accuracy;Mistranslation;;;;;;;;;;
PE;Russian;Dutch;Thriller;12;was;;AE;Major;Accuracy;Mistranslation;;;;;;;;;;
PE;Russian;Dutch;Thriller;14;verlamd;verlamd;Match;Minor;Accuracy;Overtranslation;Minor;Yes;Accuracy;Yes;Mistranslation;No;;;;
PE;Russian;Dutch;Thriller;15;toe;;Human;Minor;Style;Unidiomatic style;;;;;;;;;;
PE;Russian;Dutch;Thriller;17;;;AE;Minor;Accuracy;Omission;;;;;;;;;;
PE;Russian;Dutch;Thriller;17;het 'doosj op poten';doosje';Match;Major;Accuracy;Undertranslation;Minor;No;Accuracy;Yes;Mistranslation;No;;;;
PE;Russian;Dutch;Thriller;17;- niet ver weg -;;Human;Minor;Style;Inconsistent style;;;;;;;;;;
PE;Russian;Dutch;Thriller;18;fluisterde;fluisterde;Match;Minor;Accuracy;Overtranslation;Minor;Yes;Accuracy;Yes;Mistranslation;No;;;;
PE;Russian;Dutch;Thriller;18;fluisterde: ga te voet;;Human;Minor;Style;Inconsistent style;;;;;;;;;;
PE;Russian;Dutch;Thriller;20;tot;;Human;Minor;Linguistic Convention;Grammar;;;;;;;;;;
PE;Russian;Dutch;Thriller;20;opgang;;Human;Major;Accuracy;Mistranslation;;;;;;;;;;
PE;Russian;Dutch;Thriller;22;tot de muziek;;AE;Major;Accuracy;Mistranslation;;;;;;;;;;
PE;Russian;Dutch;Thriller;22;;;AE;Minor;Style;Awkward style;;;;;;;;;;
MT;Russian;Dutch;Thriller;1;zijn pas steeds sneller;zijn pas steeds sneller;Match;Major;Style;Unidiomatic style;Minor;No;Linguistic Convention;No;Grammar;;;;;
MT;Russian;Dutch;Thriller;2;—;;Human;Minor;Linguistic Convention;Punctuation;;;;;;;;;;
MT;Russian;Dutch;Thriller;2;betoverend aangenaam;;Human;Minor;Style;Unidiomatic style;;;;;;;;;;
MT;Russian;Dutch;Thriller;3;dromerig;dromgerig;Match;Major;Accuracy;Addition;Minor;No;Accuracy;Yes;Addition;Yes;;;;
MT;Russian;Dutch;Thriller;3;Een fluit zong ijl, gitaarsnaren fluisterden, een xylofoon rinkelde dromerig.;;Human;Major;Style;Awkward style;;;;;;;;;;
MT;Russian;Dutch;Thriller;4;riep;;Human;Minor;Style;Undertranslation;;;;;;;;;;
MT;Russian;Dutch;Thriller;4;riep. De muziek;;Human;Minor;Style;Inconsistent style;;;;;;;;;;
MT;Russian;Dutch;Thriller;7;riep;;Human;Minor;Accuracy;Undertranslation;;;;;;;;;;
MT;Russian;Dutch;Thriller;9;Er mengden zich woorden in;;AE;Major;Linguistic Convention;Grammar;;;;;;;;;;
MT;Russian;Dutch;Thriller;9;onsamenhangend;;AE;Minor;Accuracy;Mistranslation;;;;;;;;;;
MT;Russian;Dutch;Thriller;9;om te verstaan;;Human;Minor;Accuracy;Addition;;;;;;;;;;
MT;Russian;Dutch;Thriller;10;de tunnel;;AE;Minor;Style;;;;;;;;;;;
MT;Russian;Dutch;Thriller;10;happend naar;happend naar de koude lucht;Match;Major;Accuracy;Mistranslation;Minor;No;Accuracy;Yes;Mistranslation;Yes;;;;
MT;Russian;Dutch;Thriller;12;Hij werd geplaagd;;AE;Minor;Accuracy;Addition;;;;;;;;;;
MT;Russian;Dutch;Thriller;12;Eén halte;;Human;Minor;Accuracy;Undertranslation;;;;;;;;;;
MT;Russian;Dutch;Thriller;14;verlamd;verlamd;Match;Minor;Accuracy;Overtranslation;Minor;Yes;Accuracy;Yes;Mistranslation;No;;;;
MT;Russian;Dutch;Thriller;14;hij ;;Match;Minor;Accuracy;Undertranslation;Major;No;Accuracy;Yes;Omission;No;;;;
MT;Russian;Dutch;Thriller;15;De bus;;AE;Minor;Style;;;;;;;;;;;
MT;Russian;Dutch;Thriller;15;kleppen;kleppen;Match;Minor;Style;Awkward style;Minor;Yes;Accuracy;No;Mistranslation;No;;;;
MT;Russian;Dutch;Thriller;15;;;AE;Minor;Accuracy;Omission;;;;;;;;;;
MT;Russian;Dutch;Thriller;15;secondenlang;;Human;Minor;Linguistic Convention;Spelling;;;;;;;;;;
MT;Russian;Dutch;Thriller;16;doelloos;doelloos;Match;Major;Accuracy;Mistranslation;Minor;No;Accuracy;Yes;Mistranslation;Yes;;;;
MT;Russian;Dutch;Thriller;16;staarde er;;Human;Minor;Style;Unidiomatic style;;;;;;;;;;
MT;Russian;Dutch;Thriller;16;achteraan. De;;Human;Minor;Style;Inconsistent style;;;;;;;;;;
MT;Russian;Dutch;Thriller;17;gebogen gevel;de gebogen gevel;Match;Minor;Style;Awkward style;Minor;Yes;Accuracy;No;Mistranslation;;;;;
MT;Russian;Dutch;Thriller;17;het doosje in de verte;in de verte;Match;Major;Accuracy;Mistranslation;Minor;No;Accuracy;Yes;Mistranslation;Yes;;;;
MT;Russian;Dutch;Thriller;17;vulde de wereld;;Match;Minor;Accuracy;Omission;Minor;Yes;Accuracy;Yes;Omission;Yes;;;;
MT;Russian;Dutch;Thriller;17;—;;Human;Minor;Style;Punctuation;;;;;;;;;;
MT;Russian;Dutch;Thriller;17;;;AE;Minor;Accuracy;Omission;;;;;;;;;;
MT;Russian;Dutch;Thriller;18;fluisterde;;Human;Minor;Accuracy;Overtranslation;;;;;;;;;;
MT;Russian;Dutch;Thriller;18;fluisterde: ga te voet;;Human;Minor;Style;Inconsistent style;;;;;;;;;;
MT;Russian;Dutch;Thriller;19;mensen;;Match;Minor;Accuracy;Omission;Minor;Yes;Accuracy;Yes;Undertranslation;No;;;;
MT;Russian;Dutch;Thriller;20;vijf;;Match;Minor;Accuracy;Omission;Minor;Yes;Accuracy;Yes;Omission;Yes;;;;
MT;Russian;Dutch;Thriller;20;tot;;Human;Minor;Linguistic Convention;Grammar;;;;;;;;;;
MT;Russian;Dutch;Thriller;22;tot de muziek;;AE;Major;Accuracy;Mistranslation;;;;;;;;;;
MT;Russian;Dutch;Thriller;22;…;;Human;Minor;Style;Inconsistent style;;;;;;;;;;
HT;English;Catalan;ShortStory;5;la Sally;;AE;Minor;Accuracy;Addition;;;;;;;;Yes;adding la/article is customary with names in Catalan;
HT;English;Catalan;ShortStory;6;potser;;AE;Minor;Accuracy;Mistranslation;;;;;;;;;;
HT;English;Catalan;ShortStory;8;diantre;;Human;Minor;Style;Unidiomatic style;;;;;;;;;;
HT;English;Catalan;ShortStory;10;;;AE;Minor;Accuracy;Omission;;;;;;;;Yes;Same public library as in Dutch;
HT;English;Catalan;ShortStory;11;I;;AE;Minor;Accuracy;Addition;;;;;;;;;;
HT;English;Catalan;ShortStory;11;gaire;;AE;Minor;Accuracy;Overtranslation;;;;;;;;;;
HT;English;Catalan;ShortStory;12;Va per feine;;AE;Major;Accuracy;Mistranslation;;;;;;;Yes;;;
HT;English;Catalan;ShortStory;12;per això;;AE;Minor;Accuracy;Addition;;;;;;;;;;
HT;English;Catalan;ShortStory;13;sentències;;AE;Major;Accuracy;Mistranslation;;;;;;;;;;
HT;English;Catalan;ShortStory;15;no és cap risc laboral;cap;Match;Minor;Accuracy;Mistranslation;Major;No;Accuracy;Yes;Overtranslation;No;;;;
HT;English;Catalan;ShortStory;15;l'assassinat;;AE;Minor;Linguistic Convention;Punctuation;;;;;;;;;;
HT;English;Catalan;ShortStory;17;esclar;;Human;Minor;Linguistic Convention;Spelling;;;;;;;;;;
HT;English;Catalan;ShortStory;18;com fils d'or;;AE;Minor;Accuracy;Addition;;;;;;;;;;
HT;English;Catalan;ShortStory;19;també;;AE;Minor;Accuracy;Addition;;;;;;;;;;
HT;English;Catalan;ShortStory;19;aquella lògica tan fresca i directa;;AE;Major;Accuracy;Mistranslation;;;;;;;;;;
HT;English;Catalan;ShortStory;20;fils de seda;;AE;Major;Accuracy;Mistranslation;;;;;;;;;;
PE;English;Catalan;ShortStory;4;càbales;càbales;Match;Minor;Accuracy;Overtranslation;Minor;Yes;Accuracy;Yes;Mistranslation;No;;;;
PE;English;Catalan;ShortStory;7;l’observació;;AE;Minor;Accuracy;Addition;;;;;;;Yes;;;
PE;English;Catalan;ShortStory;10;;;AE;Minor;Accuracy;Omission;;;;;;;;Yes;Public library rightfully reduced to library;
PE;English;Catalan;ShortStory;11;I;;AE;Minor;Accuracy;Addition;;;;;;;;;;
PE;English;Catalan;ShortStory;12; un plantejament força cru;;Human;Major;Accuracy;Mistranslation;;;;;;;;;;
PE;English;Catalan;ShortStory;13;frases;;Human;Major;Accuracy;Mistranslation;;;;;;;;;;
PE;English;Catalan;ShortStory;17;És clar que això és bo.;;Human;Minor;Style;Unidiomatic style;;;;;;;;;;
PE;English;Catalan;ShortStory;18;pulcrament pentinats ;;Human;Minor;Style;Unidiomatic style;;;;;;;;;;
PE;English;Catalan;ShortStory;19;sofismes;;AE;Major;Accuracy;Mistranslation;;;;;;;Yes;;Same issue as in Dutch;
PE;English;Catalan;ShortStory;20;s'amagaven;;AE;Minor;Accuracy;Mistranslation;;;;;;;;;;
PE;English;Catalan;ShortStory;20; igual de pulcres i igual de nets que;;Human;Minor;Style;Awkward style;;;;;;;;;;
PE;English;Catalan;ShortStory;20;repentinats;;Human;Major;Linguistic Convention;Mistranslation;;;;;;;;;;Weird that MT didn't notice that the word is Castilian
MT;English;Catalan;ShortStory;2;Ell;;Human;Major;Style;Unidiomatic style;;;;;;;;;;
MT;English;Catalan;ShortStory;2;havia;;Human;Major;Linguistic Convention;Grammar;;;;;;;;;;
MT;English;Catalan;ShortStory;2;seu;;Human;Major;Style;Unidiomatic style;;;;;;;;;;
MT;English;Catalan;ShortStory;3;un risc professional;;Human;Minor;Style;Unidiomatic style;;;;;;;;;;
MT;English;Catalan;ShortStory;4;càlculs;;Human;Minor;Accuracy;Mistranslation;;;;;;;;;;
MT;English;Catalan;ShortStory;5;tant,;;Human;Minor;Linguistic Convention;Punctuation;;;;;;;;;;
MT;English;Catalan;ShortStory;6;#NAME?;;AE;Minor;Linguistic Convention;Punctuation;;;;;;;;;;
MT;English;Catalan;ShortStory;6;tot i que menys;menys;Match;Minor;Style;Awkward style;Minor;Yes;Accuracy;No;Undertranslation;;;;;
MT;English;Catalan;ShortStory;6;—;;Human;Major;Linguistic Convention;Punctuation;;;;;;;;;;
MT;English;Catalan;ShortStory;6;casades,;;Human;Minor;Linguistic Convention;Punctuation;;;;;;;;;;
MT;English;Catalan;ShortStory;7;Amb una aprovació muda;aprovació;Match;Major;Style;Awkward style;Minor;No;Accuracy;No;Mistranslation;;;;;
MT;English;Catalan;ShortStory;8;ara què llegeixes;;Match;Minor;Accuracy;Undertranslation;Minor;Yes;Accuracy;Yes;Omission;No;;;;
MT;English;Catalan;ShortStory;10;la biblioteca públics;;Human;Minor;Style;Audience appropriateness;;;;;;;;;;
MT;English;Catalan;ShortStory;12;D’una manera força nua. ;;Human;Major;Linguistic Convention;Unintelligble;;;;;;;;;;
MT;English;Catalan;ShortStory;13;frases;;Human;Major;Accuracy;Mistranslation;;;;;;;;;;
MT;English;Catalan;ShortStory;15;no és gaire un risc ;;Human;Major;Linguistic Convention;Grammar;;;;;;;;;;
MT;English;Catalan;ShortStory;17;;;AE;Minor;Linguistic Convention;Punctuation;;;;;;;;;;
MT;English;Catalan;ShortStory;17;És clar que això és bo.;;Human;Minor;Style;Unidiomatic style;;;;;;;;;;
MT;English;Catalan;ShortStory;18;de llibre;;AE;Minor;Accuracy;Undertranslation;;;;;;;;;;
MT;English;Catalan;ShortStory;18;ell;;Human;Major;Style;Unidiomatic style;;;;;;;;;;
MT;English;Catalan;ShortStory;18;de lli;;Human;Major;Accuracy;Mistranslation;;;;;;;;;;
MT;English;Catalan;ShortStory;18;inclinats;;Human;Major;Accuracy;Mistranslation;;;;;;;;;;
MT;English;Catalan;ShortStory;19;;;AE;Minor;Linguistic Convention;Grammar;;;;;;;;;;
MT;English;Catalan;ShortStory;19;encara estudiant;;Human;Major;Style;Awkward style;;;;;;;;;;
MT;English;Catalan;ShortStory;19;sofisticacions;;Human;Major;Accuracy;Mistranslation;;;;;;;;;;
MT;English;Catalan;ShortStory;20;de seda;caputxa de seda;Match;Minor;Accuracy;Mistranslation;Major;No;Accuracy;Yes;Mistranslation;Yes;;;;
MT;English;Catalan;ShortStory;20;tan polits, tan ben ordenats, tan infantilment pentinats i nets.;;Human;Major;Linguistic Convention;Grammar;;;;;;;;;;
MT;English;Catalan;ShortStory;20;ordenats;;Human;Minor;Accuracy;Mistranslation;;;;;;;;;;
MT;English;Catalan;ShortStory;20; tan infantilment pentinats i nets;;Human;Major;Style;Awkward style;;;;;;;;;;
HT;English;Catalan;Thriller;1;un ;;AE;Minor;Linguistic Convention;Grammar;;;;;;;;;;
HT;English;Catalan;Thriller;1;trompada;;Human;Minor;Accuracy;Mistranslation;;;;;;;;;;
HT;English;Catalan;Thriller;3;meus;;Human;Minor;Style;Unidiomatic style;;;;;;;;;;
HT;English;Catalan;Thriller;4;;;AE;Minor;Linguistic Convention;Grammar;;;;;;;;;;
HT;English;Catalan;Thriller;6;sabates;;AE;Minor;Accuracy;Mistranslation;;;;;;;;;;
HT;English;Catalan;Thriller;6;closca;;AE;Major;Accuracy;Mistranslation;;;;;;;;;;
HT;English;Catalan;Thriller;6;al darrere;;AE;Minor;Accuracy;Mistranslation;;;;;;;;;;
HT;English;Catalan;Thriller;6;,;;AE;Minor;Linguistic Convention;Punctuation;;;;;;;;;;
HT;English;Catalan;Thriller;7;portes de llibret;;AE;Minor;Accuracy;Mistranslation;;;;;;;;;;
HT;English;Catalan;Thriller;7;la nostra paret de retrats;;Human;Minor;Style;Unidiomatic style;;;;;;;;;;
HT;English;Catalan;Thriller;8;quatre metres i deu centímetres;;AE;Major;Accuracy;Mistranslation;;;;;;;;Yes;Feet to metrical units makes more sense in Catalna;
HT;English;Catalan;Thriller;8;;;AE;Minor;Accuracy;Omission;;;;;;;;;;
HT;English;Catalan;Thriller;8;ventalles;;Human;Minor;Accuracy;Overtranslation;;;;;;;;;;
HT;English;Catalan;Thriller;9;l'inspector;;AE;Minor;Accuracy;Mistranslation;;;;;;;;;;
PE;English;Catalan;Thriller;3;al timpà;;AE;Minor;Accuracy;Undertranslation;;;;;;;;;;
PE;English;Catalan;Thriller;4;corredisses;;AE;Minor;Accuracy;Undertranslation;;;;;;;;;;
PE;English;Catalan;Thriller;5;anguniosa;;AE;Major;Accuracy;Mistranslation;;;;;;;;;;
PE;English;Catalan;Thriller;5;algú al segon pis;;Human;Minor;Style;Unidiomatic style;;;;;;;;;;
PE;English;Catalan;Thriller;5;Amb;;Human;Minor;Linguistic Convention;Grammar;;;;;;;;;;
PE;English;Catalan;Thriller;6;la sola;;AE;Minor;Linguistic Convention;Grammar;;;;;;;;;;
PE;English;Catalan;Thriller;6;que anés arrossegant-me;;AE;Minor;Accuracy;Mistranslation;;;;;;;;;;
PE;English;Catalan;Thriller;6;pel níquel que tenia;;Human;Minor;Style;Awkward style;;;;;;;;;;
PE;English;Catalan;Thriller;7;totes les nostres fotos;;AE;Minor;Accuracy;Mistranslation;;;;;;;;;;
PE;English;Catalan;Thriller;7;portes de llibret;;AE;Major;Accuracy;Mistranslation;;;;;;;;;;
PE;English;Catalan;Thriller;7;sota;;Human;Minor;Linguistic Convention;Grammar;;;;;;;;;;
PE;English;Catalan;Thriller;8;em vaig quedar;;AE;Minor;Accuracy;Mistranslation;;;;;;;Yes;;;
PE;English;Catalan;Thriller;8;quatre metres i deu centímetres;;AE;Major;Accuracy;Mistranslation;;;;;;;;;;
PE;English;Catalan;Thriller;8;cara les;;Match;Minor;Linguistic Convention;Grammar;Minor;Yes;Linguistic Convention;Yes;Grammar;Yes;;;;
PE;English;Catalan;Thriller;8;de mi;;Human;Minor;Style;Awkward style;;;;;;;;;;
PE;English;Catalan;Thriller;9;el detectiu;;Human;Minor;Accuracy;Overtranslation;;;;;;;;;;
MT;English;Catalan;Thriller;3;al meu timpà;al meu timpà;Match;Major;Style;Unidiomatic style;Minor;No;Accuracy;No;Mistranslation;;;;;
MT;English;Catalan;Thriller;5;algú al segon ;;Human;Minor;Style;Unidiomatic style;;;;;;;;;;
MT;English;Catalan;Thriller;5;amb;;Human;Minor;Linguistic Convention;Grammar;;;;;;;;;;
MT;English;Catalan;Thriller;5;nauseabunda;;Human;Major;Accuracy;Mistranslation;;;;;;;;;;
MT;English;Catalan;Thriller;6;la sola;;AE;Minor;Accuracy;Mistranslation;;;;;;;;;;
MT;English;Catalan;Thriller;6;—;—;Match;Minor;Linguistic Convention;Punctuation;Minor;Yes;Linguistic Convention;Yes;Punctuation;Yes;;;;
MT;English;Catalan;Thriller;6;un imant estigués lligat a la sola d’aquells peus;;Human;Minor;Style;Unidiomatic style;;;;;;;;;;
MT;English;Catalan;Thriller;6;lligat;;Human;Minor;Accuracy;Mistranslation;;;;;;;;;;
MT;English;Catalan;Thriller;6;amb ell;;Human;Major;Linguistic Convention;Unintelligble;;;;;;;;;;
MT;English;Catalan;Thriller;7;enreixades;;Match;Major;Accuracy;Mistranslation;Major;Yes;Accuracy;Yes;Mistranslation;Yes;;;;
MT;English;Catalan;Thriller;7;sota;;Human;Minor;Linguistic Convention;Grammar;;;;;;;;;;
MT;English;Catalan;Thriller;7;cuina,;;Human;Minor;Accuracy;Addition;;;;;;;;;;
MT;English;Catalan;Thriller;7;i jo amb elles;;Human;Minor;Style;Unidiomatic style;;;;;;;;;;
MT;English;Catalan;Thriller;8;exactes;exactes;Match;Major;Accuracy;Mistranslation;Major;Yes;Accuracy;Yes;Mistranslation;Yes;;;;
MT;English;Catalan;Thriller;8;Jo;;Human;Minor;Style;Awkward style;Minor;;;;;;;;;
MT;English;Catalan;Thriller;8;mirant de cara;;Human;Minor;Style;Awkward style;;;;;;;;;;
MT;English;Catalan;Thriller;8;tretze peus i dues polzades;;Human;Major;Style;Audience appropriateness;;;;;;;;;;
MT;English;Catalan;Thriller;9;detectie;;Human;Minor;Accuracy;Overtranslation;;;;;;;;;;
MT;English;Catalan;Thriller;9; excedit lleugerament la distància que ens separava.;;Human;Major;Linguistic Convention;Unintelligble;;;;;;;;;;
HT;English;Catalan;Poem;1;Un;;AE;Minor;Accuracy;Addition;;;;;;;;;;
HT;English;Catalan;Poem;2;El dia és;;Human;Minor;Style;Unidiomatic style;;;;;;;;;;
HT;English;Catalan;Poem;2;la tulipa i el narcis;;AE;Minor;Accuracy;Mistranslation;;;;;;;;;;
HT;English;Catalan;Poem;3;s'obre pas;;Match;Minor;Accuracy;Undertranslation;Major;No;Accuracy;Yes;Omission;No;;;;
HT;English;Catalan;Poem;3;sanefes;;Human;Minor;Accuracy;Mistranslation;;;;;;;;;;
HT;English;Catalan;Poem;4;una joia;;Human;Minor;Accuracy;Undertranslation;;;;;;;;;;
HT;English;Catalan;Poem;5;;;AE;Minor;Accuracy;Omission;;;;;;;;;;
HT;English;Catalan;Poem;6;tremolós;titillant, tremolós;Match;Minor;Accuracy;Undertranslation;Major;No;Accuracy;Yes;Mistranslation;No;;;;
HT;English;Catalan;Poem;7;;;AE;Minor;Accuracy;Omission;;;;;;;;;;
HT;English;Catalan;Poem;7;trontollen;;Human;Minor;Style;Unidiomatic style;;;;;;;;;;
HT;English;Catalan;Poem;8;meu;;AE;Minor;Linguistic Convention;Grammar;;;;;;;;;;
HT;English;Catalan;Poem;9;enlluerna de tan radiant;;AE;Minor;Accuracy;Undertranslation;;;;;;;Yes;;;
HT;English;Catalan;Poem;10;M'estaré;;AE;Minor;Accuracy;Mistranslation;;;;;;;;;;
HT;English;Catalan;Poem;10;centellejant;el sol centellejant;Match;Minor;Style;Awkward style;Major;No;Accuracy;No;Mistranslation;;;;;
HT;English;Catalan;Poem;11;clar;;AE;Major;Accuracy;Mistranslation;;;;;;;;;;
HT;English;Catalan;Poem;12;;;AE;Major;Accuracy;Omission;;;;;;;;;;
HT;English;Catalan;Poem;12;esbategant;;Human;Minor;Style;Unidiomatic style;;;;;;;;;;
HT;English;Catalan;Poem;12;flaire de tulipa i narcís a l’aire.;tulipa i narcis;Match;Minor;Style;Inconsistent style;Minor;Yes;Accuracy;No;Undertranslation;;;;;
PE;English;Catalan;Poem;1;A la banyera;;AE;Major;Accuracy;Mistranslation;;;;;;;;;;
PE;English;Catalan;Poem;2;i flaire;;AE;Minor;Linguistic Convention;Grammar;;;;;;;;;;
PE;English;Catalan;Poem;3;;;AE;Minor;Accuracy;Omission;;;;;;;;;;
PE;English;Catalan;Poem;3;volutes;;AE;Minor;Accuracy;Mistranslation;;;;;;;;;;
PE;English;Catalan;Poem;4;brillant;;AE;Minor;Accuracy;Mistranslation;;;;;;;;;;
PE;English;Catalan;Poem;4;centelles;;AE;Minor;Accuracy;Mistranslation;;;;;;;;;;
PE;English;Catalan;Poem;4;llum;;Human;Minor;Accuracy;Omission;;;;;;;;;;
PE;English;Catalan;Poem;5;;;AE;Minor;Linguistic Convention;Punctuation;;;;;;;;;;
PE;English;Catalan;Poem;7;entrexoquen;entrexoquen;Match;Minor;Accuracy;Mistranslation;Major;No;Accuracy;Yes;Mistranslation;Yes;;;;
PE;English;Catalan;Poem;7;sota;;AE;Minor;Accuracy;Mistranslation;;;;;;;;;;
PE;English;Catalan;Poem;8;de brillant o de maragda;brillant;Match;Minor;Accuracy;Overtranslation;Major;No;Accuracy;Yes;Mistranslation;No;;;;
PE;English;Catalan;Poem;8;o;;AE;Minor;Accuracy;Addition;;;;;;;;;;
PE;English;Catalan;Poem;8;l'aigua de brillant o de maragda;maragda;Match;Major;Accuracy;Overtranslation;Major;Yes;Accuracy;Yes;Mistranslation;No;;;;
PE;English;Catalan;Poem;9;;;AE;Minor;Accuracy;Omission;;;;;;;;;;
PE;English;Catalan;Poem;9;d'un dia;;Human;Minor;Linguistic Convention;Grammar;;;;;;;;;;
PE;English;Catalan;Poem;10;M'estaré;;AE;Minor;Accuracy;Undertranslation;;;;;;;;;;
PE;English;Catalan;Poem;11;immens;;AE;Minor;Accuracy;Mistranslation;;;;;;;;;;
PE;English;Catalan;Poem;12;una gralla;gralla;Match;Minor;Accuracy;Mistranslation;Major;No;Accuracy;Yes;Mistranslation;Yes;;;;
PE;English;Catalan;Poem;12;i se sent el fil d’olor de tulipes i narcisos.;;Human;Minor;Style;Inconsistent style;;;;;;;;;;
MT;English;Catalan;Poem;1;Bany;;AE;Major;Accuracy;Mistranslation;;;;;;;;;;
MT;English;Catalan;Poem;2;rentat de nou;rentat de nou;Match;Major;Style;Awkward style;Minor;No;Accuracy;No;Mistranslation;;;;;
MT;English;Catalan;Poem;2;el dia és;;Human;Minor;Style;Unidiomatic style;;;;;;;;;;
MT;English;Catalan;Poem;2;narcisson;;Human;Minor;Accuracy;Omission;;;;;;;;;;
MT;English;Catalan;Poem;3;forada;;Human;Minor;Style;Unidiomatic style;;;;;;;;;;
MT;English;Catalan;Poem;4;joiell;;Human;Minor;Style;Register;;;;;;;;;;
MT;English;Catalan;Poem;5;Pètals;Pètals;Match;Minor;Accuracy;Mistranslation;Major;No;Accuracy;Yes;Mistranslation;Yes;;;;
MT;English;Catalan;Poem;5;delitós;delitós;Match;Major;Linguistic Convention;Grammar;Minor;No;Linguistic Convention;Yes;Grammar;Yes;;;;
MT;English;Catalan;Poem;7;Moure;Moure;Match;Major;Linguistic Convention;Grammar;Major;Yes;Linguistic Convention;Yes;Grammar;Yes;;;;
MT;English;Catalan;Poem;7;trontollen;;Human;Minor;Style;Unidiomatic style;;;;;;;;;;
MT;English;Catalan;Poem;8;esmaragda;esmaragda;Match;Major;Accuracy;Mistranslation;Minor;No;Accuracy;Yes;Mistranslation;Yes;;;;
MT;English;Catalan;Poem;8;esmaragda esberlada;;Human;Minor;Style;Register;;;;;;;;;;
MT;English;Catalan;Poem;9;per suportar;;Human;Major;Style;Awkward style;;;;;;;;;;
MT;English;Catalan;Poem;10;Restaré;Restaré;Match;Minor;Style;Register;Major;No;Accuracy;No;Mistranslation;;;;;
MT;English;Catalan;Poem;10;les taques;;Human;Minor;Style;Unidiomatic style;;;;;;;;;;
MT;English;Catalan;Poem;11;alt;;Human;Minor;Style;Unidiomatic style;;;;;;;;;;
MT;English;Catalan;Poem;12;una gralla;gralla;Match;Minor;Accuracy;Mistranslation;Major;No;Accuracy;Yes;Mistranslation;Yes;;;;
MT;English;Catalan;Poem;12;encara;;AE;Minor;Accuracy;Addition;;;;;;;;;;
HT;Russian;Dutch;Poem;2;zich nergens van bewust;zich nergens van bewust;Match;Minor;Accuracy;Undertranslation;Minor;Yes;Accuracy;Yes;Mistranslation;No;;;;
HT;Russian;Dutch;Poem;;;;AE;Minor;Accuracy;Omission;;;;;;;;;;
HT;Russian;Dutch;Poem;;als een goudvis;;AE;Major;Accuracy;Mistranslation;;;;;;;;;;
HT;Russian;Dutch;Poem;;kwispelde trouw;;AE;Major;Accuracy;Mistranslation;;;;;;;;;;
HT;Russian;Dutch;Poem;;ergens;;AE;Major;Accuracy;Mistranslation;;;;;;;;;;
HT;Russian;Dutch;Poem;;ergens krijste er een kauw;krijste er een kauw;Match;Major;Accuracy;Mistranslation;Major;Yes;Accuracy;Yes;Mistranslation;Yes;;;;
HT;Russian;Dutch;Poem;;onmin;;AE;Major;Accuracy;Mistranslation;;;;;;;Yes;;;
HT;Russian;Dutch;Poem;;;;AE;Major;Accuracy;Omission;;;;;;;;;;
HT;Russian;Dutch;Poem;;Ik was;;AE;Minor;Accuracy;Undertranslation;;;;;;;;;;
HT;Russian;Dutch;Poem;;vriendelijk, vol mededogen;;Match;Minor;Accuracy;Addition;Minor;Yes;Accuracy;Yes;Addition;Yes;;;;
HT;Russian;Dutch;Poem;;het huis toen keek mij in de ogen,;;Human;Minor;Linguistic Convention;Grammar;;;;;;;;;;
HT;Russian;Dutch;Poem;;en geen bitterheid;;AE;Minor;Accuracy;Addition;;;;;;;;;;
HT;Russian;Dutch;Poem;;ze;;Human;Minor;Linguistic Convention;Grammar;;;;;;;;;;
HT;Russian;Dutch;Poem;;ze liet niets merken;;AE;Major;Accuracy;Mistranslation;;;;;;;;;;
HT;Russian;Dutch;Poem;;of dat hij haar van vroeger kende, deze geenszins onbekende;of dat hij haar van vroeger kende, deze geenszins onbekende;Match;Major;Accuracy;Mistranslation;Major;Yes;Accuracy;Yes;Mistranslation;Yes;;;;
HT;Russian;Dutch;Poem;;;;AE;Major;Accuracy;Omission;;;;;;;;;;
HT;Russian;Dutch;Poem;;Het huis;;AE;Major;Accuracy;Mistranslation;;;;;;;;;;
HT;Russian;Dutch;Poem;;Maar toch;Maar toch;Match;Major;Accuracy;Undertranslation;Major;Yes;Accuracy;Yes;Mistranslation;No;;;;
HT;Russian;Dutch;Poem;;en zweeg;;AE;Minor;Accuracy;Addition;;;;;;;;;;
HT;Russian;Dutch;Poem;;Het huis;;AE;Major;Accuracy;Mistranslation;;;;;;;;;;
HT;Russian;Dutch;Poem;;Ik weet het, ik weet het;;AE;Major;Accuracy;Mistranslation;;;;;;;;;;
PE;Russian;Dutch;Poem;;waar pijn ondenkbaar was;pijn;Match;Major;Accuracy;;Minor;No;Accuracy;Yes;;;;;;
PE;Russian;Dutch;Poem;;gastvrij en blij;;Human;Minor;Style;Awkward style;;;;;;;;;;
PE;Russian;Dutch;Poem;;;;AE;Major;Accuracy;Omission;;;;;;;;;;
PE;Russian;Dutch;Poem;;glaswerk;;AE;Major;Accuracy;Mistranslation;;;;;;;;;;
PE;Russian;Dutch;Poem;;vensterglas;;AE;Minor;Accuracy;Mistranslation;;;;;;;;;;
PE;Russian;Dutch;Poem;;vanuit zee;;AE;Major;Accuracy;Mistranslation;;;;;;;;;;
PE;Russian;Dutch;Poem;;kraai;;AE;Minor;Accuracy;Mistranslation;;;;;;;;;;
PE;Russian;Dutch;Poem;;uitbundig;;AE;Minor;Accuracy;Addition;;;;;;;;;;
PE;Russian;Dutch;Poem;;weerloos en fraai;fraai;Match;Minor;Style;Awkward style;Minor;Yes;Accuracy;No;Omission;;;;;
PE;Russian;Dutch;Poem;;;;AE;Major;Accuracy;Omission;;;;;;;;;;
PE;Russian;Dutch;Poem;;in een stoere stoet;;AE;Major;Accuracy;Mistranslation;;;;;;;;;;
PE;Russian;Dutch;Poem;;opgericht;opgericht;Match;Minor;Style;Awkward style;Major;No;Accuracy;No;Addition;No;;;;
PE;Russian;Dutch;Poem;;van ver;;AE;Minor;Accuracy;Addition;;;;;;;;;;
PE;Russian;Dutch;Poem;;zijn aangezicht;;AE;Major;Accuracy;Mistranslation;;;;;;;;;;
PE;Russian;Dutch;Poem;;;;AE;Major;Accuracy;Omission;;;;;;;;;;
PE;Russian;Dutch;Poem;;‘Nooit,’ zwoer het, ‘nooit heb ik die vrouw;het;Match;Major;Accuracy;;Major;Yes;Accuracy;Yes;Mistranslation;;;;;
PE;Russian;Dutch;Poem;;gesmaad en van haar eer beroofd;;AE;Major;Accuracy;Mistranslation;;;;;;;;;;
PE;Russian;Dutch;Poem;;ik deed getrouw wat ik in stilte had beloofd;;AE;Major;Accuracy;Addition;;;;;;;;;;
PE;Russian;Dutch;Poem;;Het;;AE;Major;Accuracy;Mistranslation;;;;;;;;;;
PE;Russian;Dutch;Poem;;Maar toch;;AE;Minor;Accuracy;Addition;;;;;;;;;;
PE;Russian;Dutch;Poem;;iets;;AE;Major;Accuracy;Mistranslation;;;;;;;;;;
PE;Russian;Dutch;Poem;;Toen deed ik wat het vroeg: ik zweeg.;;AE;Major;Accuracy;Omission;;;;;;;;;;
PE;Russian;Dutch;Poem;;Vergeet, vergeet wat is geweest!;;AE;Major;Accuracy;Addition;;;;;;;;;;
PE;Russian;Dutch;Poem;;;;AE;Major;Accuracy;Omission;;;;;;;;;;
PE;Russian;Dutch;Poem;;;;AE;Major;Accuracy;Mistranslation;;;;;;;;;;
MT;Russian;Dutch;Poem;;Je huis, onwetend van verdriet,;;Human;Minor;Accuracy;;;;;;;;;;;
MT;Russian;Dutch;Poem;;zacht;;AE;Minor;Accuracy;Addition;;;;;;;;;;
MT;Russian;Dutch;Poem;;ontving mij zacht, een wangkus liet.;een wangkus liet;Match;Major;Accuracy;;Minor;No;Style;No;Awkward style;;;;;
MT;Russian;Dutch;Poem;;glansde het servies door 't ruitgebied.;glansde;Match;Major;Accuracy;;Major;Yes;Accuracy;Yes;Mistranslation;;;;;
MT;Russian;Dutch;Poem;;t ruitgebied;;AE;Minor;Style;Awkward style;;;;;;;;;;
MT;Russian;Dutch;Poem;;zo blij;;AE;Major;Accuracy;Addition;;;;;;;;;;
MT;Russian;Dutch;Poem;;;;AE;Minor;Accuracy;Omission;;;;;;;;;;
MT;Russian;Dutch;Poem;;schril en driftig vrij;vrij;Match;Major;Accuracy;;Minor;No;Accuracy;Yes;Addition;;;;;
MT;Russian;Dutch;Poem;;maar in wapenrust;;Human;Major;Accuracy;;;;;;;;;;;
MT;Russian;Dutch;Poem;;wapenrust;;Human;Major;Linguistic Convention;;;;;;;;;;;
MT;Russian;Dutch;Poem;;stond;;AE;Minor;Accuracy;Mistranslation;;;;;;;;;;
MT;Russian;Dutch;Poem;;de cactus;;AE;Major;Accuracy;Mistranslation;;;;;;;;;;
MT;Russian;Dutch;Poem;;bewust;bewust;Match;Major;Accuracy;;Minor;No;Accuracy;No;;;;;;
MT;Russian;Dutch;Poem;;ramp en strijd;;AE;Minor;Accuracy;Addition;;;;;;;;;;
MT;Russian;Dutch;Poem;;afgekoelde;afgekoelde;Match;Major;Accuracy;;Minor;No;Accuracy;Yes;;;;;;
MT;Russian;Dutch;Poem;;elegant;;AE;Major;Accuracy;Mistranslation;;;;;;;;;;
MT;Russian;Dutch;Poem;;diep mijn ogen in;;Human;Major;Linguistic Convention;Unintelligble;;;;;;;;;;
MT;Russian;Dutch;Poem;;het;;AE;Major;Accuracy;Mistranslation;;;;;;;;;;
MT;Russian;Dutch;Poem;;het zweeg;;AE;Minor;Accuracy;Mistranslation;;;;;;;;;;
MT;Russian;Dutch;Poem;;ongekloofd;zijn trouw was ongekloofd;Match;Major;Linguistic Convention;Unintelligble;Major;Yes;Accuracy;Addition;;;;;;
MT;Russian;Dutch;Poem;;;;AE;Minor;Accuracy;Omission;;;;;;;;;;
MT;Russian;Dutch;Poem;;bij licht of nacht,;;AE;Minor;Accuracy;Addition;;;;;;;;;;
MT;Russian;Dutch;Poem;;gedacht;gedacht;Match;Major;Linguistic Convention;Unintelligble;Minor;No;Accuracy;No;;;;;;
MT;Russian;Dutch;Poem;;Het;;AE;Major;Accuracy;Mistranslation;;;;;;;;;;
MT;Russian;Dutch;Poem;;ik leeg. Ik leeg. Ik leeeg;ik leeg. Ik leeg. Ik leeg;Match;Major;Linguistic Convention;Unintelligble;Major;Yes;Linguistic Convention;Yes;Grammar;No;;;;
MT;Russian;Dutch;Poem;;misschien, misschien;;AE;Major;Accuracy;Addition;;;;;;;;;;
MT;Russian;Dutch;Poem;;Het;;AE;Major;Accuracy;Mistranslation;;;;;;;;;;
MT;Russian;Dutch;Poem;;"Kom binnen, vergeet wat was, en leef.""";en leef;Match;Major;Accuracy;;Major;Yes;Accuracy;Yes;Addition;;;;;
